,precision,recall,f1-score,support
0,0.0,0.0,0.0,385.0
1,0.5275167785234899,0.841541755888651,0.6485148514851485,1401.0
2,0.1383219954648526,0.12896405919661733,0.1334792122538293,473.0
3,0.0,0.0,0.0,247.0
4,0.0,0.0,0.0,170.0
accuracy,0.4633781763826607,0.4633781763826607,0.4633781763826607,0.4633781763826607
macro avg,0.13316775479766849,0.19410116301705366,0.15639881274779557,2676.0
weighted avg,0.3006267976705099,0.4633781763826607,0.36311845079475125,2676.0
