,precision,recall,f1-score,support
0,0.7081339712918661,0.7688311688311689,0.7372353673723538,385.0
1,0.6837606837606838,0.6281227694503926,0.6547619047619048,1401.0
2,0.2620599739243807,0.4249471458773784,0.32419354838709674,473.0
3,0.18032786885245902,0.08906882591093117,0.11924119241192413,247.0
4,0.7317073170731707,0.35294117647058826,0.47619047619047616,170.0
accuracy,0.5452167414050823,0.5452167414050823,0.5452167414050823,0.5452167414050823
macro avg,0.513197962980512,0.4527822173080918,0.4623244978247511,2676.0
weighted avg,0.5693071345557978,0.5452167414050823,0.5474235982343078,2676.0
