,precision,recall,f1-score,support
0,0.6902439024390243,0.7350649350649351,0.7119496855345913,385.0
1,0.6715328467153284,0.6566738044254105,0.6640202093107181,1401.0
2,0.2537313432835821,0.3594080338266385,0.29746281714785655,473.0
3,0.20454545454545456,0.10931174089068826,0.1424802110817942,247.0
4,0.7340425531914894,0.40588235294117647,0.5227272727272727,170.0
accuracy,0.5489536621823617,0.5489536621823617,0.5489536621823617,0.5489536621823617
macro avg,0.5108192200349757,0.45326817342976977,0.4677280391604466,2676.0
weighted avg,0.5612430147143551,0.5489536621823617,0.5490093808620737,2676.0
