,precision,recall,f1-score,support
0,0.822963438101347,0.7183650615901456,0.7671150971599402,1786.0
1,0.549686660698299,0.6898876404494382,0.611858495266567,890.0
accuracy,0.7088938714499252,0.7088938714499252,0.7088938714499252,0.7088938714499252
macro avg,0.686325049399823,0.7041263510197919,0.6894867962132536,2676.0
weighted avg,0.7320754217004827,0.7088938714499252,0.7154789328531008,2676.0
