,precision,recall,f1-score,support
0,0.7101623571858088,0.6612541993281075,0.6848361844012757,1786.0
1,0.4027640671273445,0.4584269662921348,0.42879663688912245,890.0
accuracy,0.593796711509716,0.593796711509716,0.593796711509716,0.593796711509716
macro avg,0.5564632121565767,0.5598405828101212,0.556816410645199,2676.0
weighted avg,0.6079260051110579,0.593796711509716,0.5996810284648719,2676.0
