,precision,recall,f1-score,support
0,0.843404808317089,0.7267637178051511,0.780751879699248,1786.0
1,0.5708003518029904,0.7292134831460674,0.6403552047360631,890.0
accuracy,0.7275784753363229,0.7275784753363229,0.7275784753363229,0.7275784753363229
macro avg,0.7071025800600397,0.7279886004756093,0.7105535422176555,2676.0
weighted avg,0.7527403963972281,0.7275784753363229,0.7340579182951992,2676.0
