,precision,recall,f1-score,support
0,0.6894865525672371,0.7324675324675325,0.7103274559193954,385.0
1,0.6810207336523126,0.609564596716631,0.6433145009416196,1401.0
2,0.24271844660194175,0.3699788583509514,0.2931323283082077,473.0
3,0.21978021978021978,0.16194331983805668,0.1864801864801865,247.0
4,0.7272727272727273,0.47058823529411764,0.5714285714285714,170.0
accuracy,0.5347533632286996,0.5347533632286996,0.5347533632286996,0.5347533632286996
macro avg,0.5120557359748877,0.4689085085334578,0.4809366086155961,2676.0
weighted avg,0.5651308945254382,0.5347533632286996,0.5443253889541934,2676.0
