,precision,recall,f1-score,support
0,0.6247288503253796,0.7480519480519481,0.6808510638297872,385.0
1,0.6810064935064936,0.5988579586009993,0.6372958602354729,1401.0
2,0.24929971988795518,0.3763213530655391,0.29991575400168485,473.0
3,0.2147239263803681,0.1417004048582996,0.17073170731707318,247.0
4,0.7358490566037735,0.4588235294117647,0.5652173913043477,170.0
accuracy,0.5298953662182362,0.5298953662182362,0.5298953662182362,0.5298953662182362
macro avg,0.501121609340794,0.46475103879771024,0.4708023553376732,2676.0
weighted avg,0.5570480649190821,0.5298953662182362,0.5362843795352088,2676.0
