,precision,recall,f1-score,support
0,0.8771929824561403,0.38961038961038963,0.539568345323741,385.0
1,0.6852852852852853,0.814418272662384,0.7442922374429224,1401.0
2,0.3151183970856102,0.3657505285412262,0.3385518590998043,473.0
3,0.37267080745341613,0.242914979757085,0.29411764705882354,247.0
4,0.6461538461538462,0.49411764705882355,0.56,170.0
accuracy,0.600896860986547,0.600896860986547,0.600896860986547,0.600896860986547
macro avg,0.5792842636868596,0.4613623635259817,0.4953060177850583,2676.0
weighted avg,0.6161251225855531,0.600896860986547,0.5898614819824034,2676.0
