,precision,recall,f1-score,support
0,0.7730900798175598,0.7592385218365062,0.7661016949152541,1786.0
1,0.5336225596529284,0.5528089887640449,0.543046357615894,890.0
accuracy,0.6905829596412556,0.6905829596412556,0.6905829596412556,0.6905829596412556
macro avg,0.6533563197352441,0.6560237553002756,0.6545740262655741,2676.0
weighted avg,0.6934465473263333,0.6905829596412556,0.6919166238403549,2676.0
