,precision,recall,f1-score,support
0,0.5625,0.023376623376623377,0.04488778054862843,385.0
1,0.525187969924812,0.9971448965024983,0.6880078798325535,1401.0
2,0.0,0.0,0.0,473.0
3,0.0,0.0,0.0,247.0
4,0.0,0.0,0.0,170.0
accuracy,0.5254110612855007,0.5254110612855007,0.5254110612855007,0.5254110612855007
macro avg,0.21753759398496236,0.2041043039758243,0.14657913207623638,2676.0
weighted avg,0.3558859663171381,0.5254110612855007,0.3666595049165282,2676.0
