,precision,recall,f1-score,support
0,0.08450704225352113,0.06233766233766234,0.07174887892376683,385.0
1,0.5083612040133779,0.8679514632405425,0.6411811231215396,1401.0
2,0.0,0.0,0.0,473.0
3,0.0,0.0,0.0,247.0
4,0.0,0.0,0.0,170.0
accuracy,0.4633781763826607,0.4633781763826607,0.4633781763826607,0.4633781763826607
macro avg,0.1185736492533798,0.18605782511564098,0.14258600040906128,2676.0
weighted avg,0.27830689764213307,0.4633781763826607,0.34600824808629566,2676.0
