,precision,recall,f1-score,support
0,0.7021276595744681,0.08571428571428572,0.15277777777777776,385.0
1,0.6548605877920121,0.6202712348322627,0.6370967741935484,1401.0
2,0.22332233223322331,0.42917547568710357,0.2937771345875543,473.0
3,0.20346320346320346,0.1902834008097166,0.19665271966527192,247.0
4,0.5679012345679012,0.5411764705882353,0.5542168674698795,170.0
accuracy,0.4648729446935725,0.4648729446935725,0.4648729446935725,0.4648729446935725
macro avg,0.47033500352616164,0.37332417352632075,0.3669042547388064,2676.0
weighted avg,0.5381946624480748,0.4648729446935725,0.4608141625473545,2676.0
