,precision,recall,f1-score,support
0,0.22842639593908629,0.11688311688311688,0.15463917525773194,385.0
1,0.5240016135538523,0.9271948608137045,0.6695876288659794,1401.0
2,0.0,0.0,0.0,473.0
3,0.0,0.0,0.0,247.0
4,0.0,0.0,0.0,170.0
accuracy,0.5022421524663677,0.5022421524663677,0.5022421524663677,0.5022421524663677
macro avg,0.15048560189858773,0.2088155955393643,0.16484536082474227,2676.0
weighted avg,0.30720120441909393,0.5022421524663677,0.37280581110443345,2676.0
