,precision,recall,f1-score,support
0,0.7159090909090909,0.6545454545454545,0.6838534599728628,385.0
1,0.6669049320943531,0.6659528907922913,0.6664285714285715,1401.0
2,0.27448453608247425,0.4503171247357294,0.3410728582866293,473.0
3,0.21052631578947367,0.06477732793522267,0.09907120743034055,247.0
4,0.821917808219178,0.35294117647058826,0.49382716049382713,170.0
accuracy,0.5508221225710015,0.5508221225710015,0.5508221225710015,0.5508221225710015
macro avg,0.5379485366189141,0.4377067948958572,0.4568506515224463,2676.0
weighted avg,0.5723154046444168,0.5508221225710015,0.5480936764386403,2676.0
