,precision,recall,f1-score,support
0,0.6488888888888888,0.7584415584415585,0.6994011976047904,385.0
1,0.6790923824959482,0.5981441827266238,0.6360531309297912,1401.0
2,0.2467718794835007,0.36363636363636365,0.294017094017094,473.0
3,0.2594594594594595,0.19433198380566802,0.22222222222222224,247.0
4,0.7363636363636363,0.4764705882352941,0.5785714285714285,170.0
accuracy,0.5347533632286996,0.5347533632286996,0.5347533632286996,0.5347533632286996
macro avg,0.5141152493382867,0.4782049353691017,0.4860530146690653,2676.0
weighted avg,0.5632369408681039,0.5347533632286996,0.5428609920502986,2676.0
