,precision,recall,f1-score,support
0,0.8264462809917356,0.2597402597402597,0.3952569169960474,385.0
1,0.6226076555023924,0.7430406852248393,0.6775138301334201,1401.0
2,0.22590361445783133,0.3171247357293869,0.2638522427440633,473.0
3,0.17647058823529413,0.08502024291497975,0.11475409836065574,247.0
4,0.67,0.3941176470588235,0.4962962962962963,170.0
accuracy,0.5153213751868461,0.5153213751868461,0.5153213751868461,0.5153213751868461
macro avg,0.5042856278374507,0.35980871413365784,0.38953467690609656,2676.0
weighted avg,0.5436456608644775,0.5153213751868461,0.5003316638803416,2676.0
