,precision,recall,f1-score,support
0,0.8481104651162791,0.6534154535274356,0.7381404174573055,1786.0
1,0.5238461538461539,0.7651685393258427,0.6219178082191781,890.0
accuracy,0.6905829596412556,0.6905829596412556,0.6905829596412556,0.6905829596412556
macro avg,0.6859783094812164,0.7092919964266391,0.6800291128382419,2676.0
weighted avg,0.7402647113679938,0.6905829596412556,0.6994864106479134,2676.0
