,precision,recall,f1-score,support
0,0.5145118733509235,0.5064935064935064,0.5104712041884817,385.0
1,0.6074035453597497,0.8315488936473947,0.7020186803253992,1401.0
2,0.1946564885496183,0.10782241014799154,0.13877551020408163,473.0
3,0.21052631578947367,0.06477732793522267,0.09907120743034055,247.0
4,0.7804878048780488,0.18823529411764706,0.30331753554502366,170.0
accuracy,0.5452167414050823,0.5452167414050823,0.5452167414050823,0.5452167414050823
macro avg,0.4615172055855628,0.3397754864683525,0.35073082753866536,2676.0
weighted avg,0.4954465187602215,0.5452167414050823,0.493921887276879,2676.0
