,precision,recall,f1-score,support
0,0.6369230769230769,0.5376623376623376,0.5830985915492959,385.0
1,0.622154779969651,0.8779443254817987,0.7282415630550622,1401.0
2,0.199203187250996,0.10570824524312897,0.13812154696132595,473.0
3,0.2948717948717949,0.0931174089068826,0.14153846153846156,247.0
4,0.8444444444444444,0.2235294117647059,0.3534883720930233,170.0
accuracy,0.57847533632287,0.57847533632287,0.57847533632287,0.57847533632287
macro avg,0.5195194566919927,0.3675923458117708,0.3888977070394338,2676.0
weighted avg,0.5334328205573526,0.57847533632287,0.5250911444525942,2676.0
