,precision,recall,f1-score,support
0,0.7805907172995781,0.4805194805194805,0.5948553054662379,385.0
1,0.6570477247502775,0.8451106352605282,0.7393068997814549,1401.0
2,0.27505827505827507,0.24947145877378435,0.26164079822616415,473.0
3,0.2537313432835821,0.13765182186234817,0.17847769028871388,247.0
4,0.7027027027027027,0.3058823529411765,0.4262295081967213,170.0
accuracy,0.5878176382660688,0.5878176382660688,0.5878176382660688,0.5878176382660688
macro avg,0.5338261526188831,0.4037271498714635,0.4401020403918584,2676.0
weighted avg,0.5729764401676176,0.5878176382660688,0.562439223712276,2676.0
