,precision,recall,f1-score,support
0,0.2689987937273824,0.5792207792207792,0.3673805601317957,385.0
1,0.5507159904534606,0.6588151320485368,0.5999350016249594,1401.0
2,0.22105263157894736,0.04439746300211417,0.073943661971831,473.0
3,0.05,0.008097165991902834,0.013937282229965157,247.0
4,0.9166666666666666,0.19411764705882353,0.32038834951456313,170.0
accuracy,0.4491778774289985,0.4491778774289985,0.4491778774289985,0.4491778774289985
macro avg,0.40148681648529144,0.29692963746443135,0.2751169710946229,2676.0
weighted avg,0.4289457646788176,0.4491778774289985,0.40165707517498606,2676.0
