,precision,recall,f1-score,support
0,0.5916114790286976,0.6961038961038961,0.639618138424821,385.0
1,0.6638418079096046,0.6709493219129193,0.6673766418175364,1401.0
2,0.2753623188405797,0.36152219873150104,0.31261425959780625,473.0
3,0.19298245614035087,0.08906882591093117,0.12188365650969528,247.0
4,0.75,0.3176470588235294,0.44628099173553715,170.0
accuracy,0.5437219730941704,0.5437219730941704,0.5437219730941704,0.5437219730941704
macro avg,0.4947596123838466,0.4270582602965554,0.43755473761707925,2676.0
weighted avg,0.5467959027599647,0.5437219730941704,0.5362807305764661,2676.0
