,precision,recall,f1-score,support
0,0.7691074291822555,0.8057110862262038,0.7869838665572874,1786.0
1,0.568944099378882,0.5146067415730337,0.5404129793510324,890.0
accuracy,0.7088938714499252,0.7088938714499252,0.7088938714499252,0.7088938714499252
macro avg,0.6690257642805688,0.6601589138996187,0.6636984229541598,2676.0
weighted avg,0.702535918148996,0.7088938714499252,0.7049778539961638,2676.0
