,precision,recall,f1-score,support
0,0.24444444444444444,0.02857142857142857,0.05116279069767442,385.0
1,0.5260357278601292,0.9878658101356174,0.6865079365079365,1401.0
2,0.0,0.0,0.0,473.0
3,0.0,0.0,0.0,247.0
4,0.0,0.0,0.0,170.0
accuracy,0.5213004484304933,0.5213004484304933,0.5213004484304933,0.5213004484304933
macro avg,0.15409603446091474,0.2032874477414092,0.14753414544112217,2676.0
weighted avg,0.31057068977696267,0.5213004484304933,0.36677701549559927,2676.0
