,precision,recall,f1-score,support
0,0.8003152916447714,0.8527435610302352,0.8256980211439413,1786.0
1,0.6597671410090556,0.5730337078651685,0.613349368610944,890.0
accuracy,0.7597159940209267,0.7597159940209267,0.7597159940209267,0.7597159940209267
macro avg,0.7300412163269135,0.7128886344477019,0.7195236948774426,2676.0
weighted avg,0.7535709515603967,0.7597159940209267,0.7550738429846111,2676.0
