,precision,recall,f1-score,support
0,0.5701754385964912,0.16883116883116883,0.2605210420841684,385.0
1,0.595205163669894,0.9214846538187009,0.7232492997198879,1401.0
2,0.2,0.11839323467230443,0.148738379814077,473.0
3,0.25396825396825395,0.06477732793522267,0.1032258064516129,247.0
4,0.82,0.2411764705882353,0.37272727272727274,170.0
accuracy,0.5489536621823617,0.5489536621823617,0.5489536621823617,0.5489536621823617
macro avg,0.4878697712469278,0.3029325711691264,0.32169236015940383,2676.0
weighted avg,0.5045329360580454,0.5489536621823617,0.4756302445139054,2676.0
