,precision,recall,f1-score,support
0,0.8157894736842105,0.4025974025974026,0.5391304347826087,385.0
1,0.6630434782608695,0.827266238401142,0.7361067005398538,1401.0
2,0.2783300198807157,0.2959830866807611,0.28688524590163933,473.0
3,0.3409090909090909,0.18218623481781376,0.23746701846965698,247.0
4,0.7087378640776699,0.4294117647058823,0.5347985347985348,170.0
accuracy,0.5874439461883408,0.5874439461883408,0.5874439461883408,0.5874439461883408
macro avg,0.5613619853625114,0.42748894544060034,0.46687758689845876,2676.0
weighted avg,0.5901879455019534,0.5874439461883408,0.5695506467252882,2676.0
