,precision,recall,f1-score,support
0,0.81686595342983,0.7267637178051511,0.7691851851851852,1786.0
1,0.5510579576816927,0.6730337078651686,0.6059686393525544,890.0
accuracy,0.7088938714499252,0.7088938714499252,0.7088938714499252,0.7088938714499252
macro avg,0.6839619555557614,0.6998987128351599,0.6875769122688697,2676.0
weighted avg,0.7284619488648666,0.7088938714499252,0.7149016553679051,2676.0
