,precision,recall,f1-score,support
0,0.25877192982456143,0.15324675324675324,0.1924959216965742,385.0
1,0.5261437908496732,0.9193433261955746,0.6692647440893739,1401.0
2,0.0,0.0,0.0,473.0
3,0.0,0.0,0.0,247.0
4,0.0,0.0,0.0,170.0
accuracy,0.5033632286995515,0.5033632286995515,0.5033632286995515,0.5033632286995515
macro avg,0.15698314413484693,0.21451801588846556,0.1723521331571896,2676.0
weighted avg,0.31268858145098966,0.5033632286995515,0.37808327216830856,2676.0
