,precision,recall,f1-score,support
0,0.5850467289719626,0.812987012987013,0.6804347826086957,385.0
1,0.6652994257588187,0.5788722341184868,0.6190839694656489,1401.0
2,0.2549295774647887,0.38266384778012685,0.3060016906170752,473.0
3,0.2283464566929134,0.11740890688259109,0.15508021390374332,247.0
4,0.7529411764705882,0.3764705882352941,0.5019607843137255,170.0
accuracy,0.5224215246636771,0.5224215246636771,0.5224215246636771,0.5224215246636771
macro avg,0.49731267307181437,0.45368051800070236,0.45251228818177774,2676.0
weighted avg,0.5464539428573636,0.5224215246636771,0.5223023088023754,2676.0
