,precision,recall,f1-score,support
0,0.2155688622754491,0.4675324675324675,0.2950819672131148,385.0
1,0.5562194459532862,0.7309064953604568,0.6317088217149908,1401.0
2,0.0,0.0,0.0,473.0
3,0.0,0.0,0.0,247.0
4,0.0,0.0,0.0,170.0
accuracy,0.4499252615844544,0.4499252615844544,0.4499252615844544,0.4499252615844544
macro avg,0.15435766164574707,0.23968779257858489,0.1853581577856211,2676.0
weighted avg,0.32221878017810235,0.4499252615844544,0.373180349999907,2676.0
