,precision,recall,f1-score,support
0,0.7106420404573439,0.9048152295632699,0.7960591133004926,1786.0
1,0.5771144278606966,0.2606741573033708,0.3591331269349845,890.0
accuracy,0.6905829596412556,0.6905829596412556,0.6905829596412556,0.6905829596412556
macro avg,0.6438782341590202,0.5827446934333204,0.5775961201177385,2676.0
weighted avg,0.6662326326804321,0.6905829596412556,0.6507436694046398,2676.0
