,precision,recall,f1-score,support
0,0.22005772005772006,0.7922077922077922,0.344438170525127,385.0
1,0.550761421319797,0.46466809421841543,0.5040650406504065,1401.0
2,0.18691588785046728,0.042283298097251586,0.06896551724137931,473.0
3,0.0,0.0,0.0,247.0
4,0.0,0.0,0.0,170.0
accuracy,0.36472346786248133,0.36472346786248133,0.36472346786248133,0.36472346786248133
macro avg,0.19154700584559686,0.25983183690469186,0.18349374568338256,2676.0
weighted avg,0.3530456608537103,0.36472346786248133,0.32564443470051035,2676.0
